{"cameraMode":{"drawMode":0,"name":"Shaded","section":"Shading Mode"},"sceneLighting":true,"audioPlay":false,"sceneViewState":{"showFog":true,"showMaterialUpdate":false,"showSkybox":true,"showFlares":true,"showImageEffects":true,"showParticleSystems":true},"in2DMode":false,"pivot":{"x":10.63153076171875,"y":-7.855751037597656,"z":20.310213088989259},"rotation":{"x":0.18146443367004395,"y":0.07396917790174484,"z":-0.013690004125237465,"w":0.9805161356925964},"size":41.00835037231445,"orthographic":false}