{"cameraMode":{"drawMode":0,"name":"Shaded","section":"Shading Mode"},"sceneLighting":true,"audioPlay":false,"sceneViewState":{"showFog":true,"showMaterialUpdate":false,"showSkybox":true,"showFlares":true,"showImageEffects":true,"showParticleSystems":true},"in2DMode":false,"pivot":{"x":10.63153076171875,"y":-7.855751037597656,"z":20.310213088989259},"rotation":{"x":0.29094746708869936,"y":0.2627483904361725,"z":-0.08344307541847229,"w":0.916160523891449},"size":74.77703094482422,"orthographic":false}