{"cameraMode":{"drawMode":0,"name":"Shaded","section":"Shading Mode"},"sceneLighting":true,"audioPlay":false,"sceneViewState":{"showFog":true,"showMaterialUpdate":false,"showSkybox":true,"showFlares":true,"showImageEffects":true,"showParticleSystems":true},"in2DMode":false,"pivot":{"x":-11.227291107177735,"y":-16.40364646911621,"z":22.588241577148439},"rotation":{"x":-0.4038911759853363,"y":0.012895682826638222,"z":-0.005694049876183271,"w":-0.9146984219551086},"size":62.15593719482422,"orthographic":false}